dimension,value,count,observedMean,predictedMean,meanError,ci95Low,ci95High,withinTarget150
shantenAfter,0,286,1237.7622377622379,566.8949536561646,-670.8672841060734,-1603.21268475118,195.99440266043996,False
shantenAfter,1,1729,-1157.6633892423365,-1240.5185400845317,-82.85515084219524,-295.6319268173397,129.5839303542779,False
opponentDealer,0,1325,-426.8679245283019,-837.347931794383,-410.4800072660812,-687.1245109655948,-152.3690263200077,False
opponentDealer,1,690,-1568.1159420289855,-1265.5631730912098,302.55276893777557,-63.0226343448855,671.0021963092277,False
turnBucket,early,445,-263.59550561797755,-981.3953115657948,-717.7998059478174,-1237.875523285945,-181.6501172747733,False
turnBucket,middle,1384,-974.4219653179191,-1014.0364473500101,-39.61448203209112,-306.7759887206253,212.4066875036747,False
safetyGroup,guarded,355,-978.5915492957746,-755.2436663128846,223.34788298289018,-450.72658978746995,919.3860873804257,False
safetyGroup,high_risk,276,-98.55072463768116,-734.2176738188778,-635.6669491811967,-1392.2740740373415,96.2356856025676,False
safetyGroup,moderate_risk,220,-919.5454545454545,-1099.636135885499,-180.09068134004445,-909.1171809508013,545.5883251078412,False
safetyGroup,safe,858,-957.2261072261073,-1076.121056024257,-118.89494879814978,-415.959250719562,185.485760985523,False
safetyGroup,semi_safe,306,-815.0326797385621,-1133.1281162803464,-318.09543654178407,-749.3433945949581,133.11835365752094,False
