model,binLow,binHigh,count,meanPredicted,observedRate
calibrated,0.0,0.005,2392,0.0006307894297072266,0.0
calibrated,0.005,0.01,138,0.007549311307230506,0.007246376811594203
calibrated,0.01,0.015,189,0.012926110783195093,0.015873015873015872
calibrated,0.015,0.02,260,0.01742955421369135,0.023076923076923078
calibrated,0.02,0.03,283,0.023965792497447177,0.02120141342756184
calibrated,0.03,0.04,165,0.03517345212456253,0.024242424242424242
calibrated,0.04,0.06,447,0.04944481069449613,0.06040268456375839
calibrated,0.06,0.1,582,0.07759467740724448,0.07216494845360824
calibrated,0.1,0.2,333,0.13086535810559652,0.11711711711711711
calibrated,0.2,1.0,5,0.20921637974544854,0.0
currentDangerTable,0.0,0.005,2393,0.00010405348934391977,0.0
currentDangerTable,0.005,0.01,286,0.005999999999999999,0.017482517482517484
currentDangerTable,0.02,0.03,271,0.021402214022140223,0.01845018450184502
currentDangerTable,0.03,0.04,874,0.033050343249427926,0.04919908466819222
currentDangerTable,0.04,0.06,970,0.046993814432989695,0.07731958762886598
